[
  {
    "id": "m3h3hf88d",
    "type": "feature-grid",
    "title": "Feature Grid",
    "content": "Professional feature grid designed for your notion templates product.",
    "metadata": {
      "generated": true,
      "category": "NOTION_TEMPLATES",
      "implementation": "Feature Grid",
      "fallback": true,
      "timestamp": "2025-12-22T02:27:10.558Z"
    }
  },
  {
    "id": "3moqwnldq",
    "type": "feature-grid",
    "title": "Feature Grid",
    "content": "Professional feature grid designed for your notion templates product.",
    "metadata": {
      "generated": true,
      "category": "NOTION_TEMPLATES",
      "implementation": "Feature Grid",
      "fallback": true,
      "timestamp": "2025-12-22T02:27:57.685Z"
    }
  },
  {
    "id": "7oktishzm",
    "type": "feature-grid",
    "title": "Feature Grid",
    "content": "Professional feature grid designed for your notion templates product.",
    "metadata": {
      "generated": true,
      "category": "NOTION_TEMPLATES",
      "implementation": "Feature Grid",
      "fallback": true,
      "timestamp": "2025-12-22T02:28:45.092Z"
    }
  },
  {
    "id": "21qecglof",
    "type": "feature-grid",
    "title": "Feature Grid",
    "content": "Professional feature grid designed for your notion templates product.",
    "metadata": {
      "generated": true,
      "category": "NOTION_TEMPLATES",
      "implementation": "Feature Grid",
      "fallback": true,
      "timestamp": "2025-12-22T02:29:31.663Z"
    }
  },
  {
    "id": "r8rxtx7hk",
    "type": "feature-grid",
    "title": "Feature Grid",
    "content": "Professional feature grid designed for your notion templates product.",
    "metadata": {
      "generated": true,
      "category": "NOTION_TEMPLATES",
      "implementation": "Feature Grid",
      "fallback": true,
      "timestamp": "2025-12-22T02:30:17.943Z"
    }
  },
  {
    "id": "cgyssklmw",
    "type": "feature-grid",
    "title": "Feature Grid",
    "content": "Professional feature grid designed for your notion templates product.",
    "metadata": {
      "generated": true,
      "category": "NOTION_TEMPLATES",
      "implementation": "Feature Grid",
      "fallback": true,
      "timestamp": "2025-12-22T02:31:11.699Z"
    }
  }
]