{
  "title": "Nexus OS: The Ultimate Life Operating System",
  "description": "Transform your chaotic workspace into a streamlined powerhouse. Nexus OS is more than just a template; it is a complete Second Brain built inside Notion. Optimized for focus and high-performance output, it centralizes your projects, tasks, goals, and knowledge in one cohesive interface. Whether you are an entrepreneur, student, or creative professional, Nexus OS provides the structural integrity you need to scale your ambitions. Ditch the clutter and start operating at peak efficiency. 🚀",
  "price": 49,
  "features": [
    "Integrated Second Brain for PKM",
    "Automated OKR and Goal Tracker",
    "Dynamic Daily Planner and Habit Hub",
    "Comprehensive Finance Manager",
    "Advanced Project Management Engine"
  ],
  "callToAction": "Unlock Your Potential Now",
  "emojiSet": [
    "🚀",
    "🧠",
    "🏗️",
    "📈",
    "🗓️",
    "💎",
    "⚡"
  ],
  "extraComponents": [
    {
      "type": "stat-highlight",
      "title": "System Performance",
      "items": [
        "85% Reduction in Digital Clutter",
        "2.5x Faster Task Processing",
        "100% Mobile and Desktop Optimized"
      ]
    },
    {
      "type": "faq",
      "title": "Common Questions",
      "items": [
        "Do I need Notion Plus? No, the free version works perfectly.",
        "Is it easy to set up? Yes, includes a 5-minute video guide.",
        "Can I customize it? Absolutely, it is fully modular."
      ]
    }
  ],
  "category": "NOTION_TEMPLATES",
  "coverImage": "https://picsum.photos/seed/notion/1200/800",
  "contentBlocks": []
}